Parameters	Mean	Medians	1 sig interval min	1 sig interval max
α	0.834899280074435	0.8348910048188132	0.8346200841301167	0.8351448383110208
β	0.2656858148840486	0.2656859573514951	0.26548719149641903	0.2659193265384874
ρ	0.10858038253739294	0.1085940490163402	0.1084196704655985	0.10878185152354536
δ	0.0109089698737099	0.010901130224403505	0.010849033872093877	0.010957603399197272
logS0	3.5186297093577514	3.5187279640621463	3.5171640641445725	3.5204240117330823
