Parameters	Mean	Medians	1 sig interval min	1 sig interval max
α	0.8348451698732697	0.8348423747479309	0.8346037237757874	0.8350800252991183
β	0.26573025446283677	0.2657289824631736	0.26553817333336444	0.26592543039834304
ρ	0.10862466879592596	0.10862505965806292	0.10846333108261398	0.10879220785502568
δ	0.010908571334859802	0.010907172731948179	0.010854766701657272	0.010958689587343156
logS0	3.519012850387513	3.5190241870685424	3.517553678530893	3.520527679987584
