Parameters	Mean	Medians	1 sig interval min	1 sig interval max
α	0.8333487819681558	0.8333255769745594	0.8331425144006828	0.833510372380942
β	0.27533132014298933	0.2753522962073073	0.27517407453884185	0.2755327394287749
ρ	0.122019973634856	0.12204616140585585	0.12189661411798701	0.12219752878771303
δ	0.01002976272821251	0.01002709350320843	0.009991314620042668	0.010063364233734608
logS0	3.597639208122637	3.59779887516282	3.5967969861565274	3.598814113180371
