Parameters	Mean	Medians	1 sig interval min	1 sig interval max
α	0.8349564395328924	0.8349305809943252	0.8345311475659452	0.8351796062083787
β	0.2657035086608634	0.26574071783042114	0.2655251447185739	0.26596979531387466
ρ	0.10856106116738481	0.1086199517665862	0.10843639685487161	0.1088234612350232
δ	0.010954243409268599	0.010933667556264398	0.010890384596179992	0.010996238054293877
logS0	3.5182886694903037	3.5186812512828816	3.5169947172359217	3.5209723512776243
