Parameters	Mean	Medians	1 sig interval min	1 sig interval max
α	0.8315366854063262	0.8315110010017753	0.8313095049011701	0.8317243626099579
β	0.27334759455386437	0.27336360646130525	0.2731760922726775	0.27355847364233804
ρ	0.11854811198116698	0.11856768202587273	0.11840860066559905	0.11873128328027233
δ	0.010397130221722253	0.010394617115925084	0.010354128173934591	0.01043697723378878
logS0	3.589206695790177	3.5893655523635872	3.5881306004079567	3.590573750024088
