Parameters	Mean	Medians	1 sig interval min	1 sig interval max
α	0.8331323284539885	0.8331182250452649	0.8328958526771948	0.8333423491703318
β	0.2687716696006451	0.26877946068733705	0.2685804471710025	0.2689749593606114
ρ	0.11272714848968579	0.11273664884757338	0.1125711832085313	0.11290118604663554
δ	0.0105482741576904	0.010546145586780908	0.010501094194923268	0.010590678629230622
logS0	3.5510058700449663	3.5510800190474314	3.549751529700385	3.5524062080479704
