Parameters	Mean	Medians	1 sig interval min	1 sig interval max
α	0.8338882384933561	0.8338762453968515	0.8336219543581833	0.8341387425312117
β	0.2666175816338898	0.26662429822490685	0.26641638484473124	0.2668253891889432
ρ	0.10970086505729622	0.1097080503215588	0.109530253384606	0.1098791950039801
δ	0.010831381565366347	0.010831646723302559	0.010783033421175163	0.010876356702846495
logS0	3.530550822647768	3.530620999474725	3.5290028281003525	3.5321776532013165
