Parameters	Mean	Medians	1 sig interval min	1 sig interval max
α	0.8341885220020437	0.8341748711725891	0.8339637680055642	0.8343948100569041
β	0.2683191599117549	0.2683270038668059	0.2681359658511011	0.2685121178860668
ρ	0.11261461725990421	0.11262486924247528	0.11246339753946218	0.11277951180482305
δ	0.0103557616248693	0.01035083740881591	0.010312453628637034	0.010394507383637648
logS0	3.545419811016748	3.5455113473339903	3.5442428322744335	3.546692701357404
